Timestamp,IP Address,Reported?,Report Count,Abuse Confidence Score
2025-01-22 14:32:54,185.127.206.212,No,0,0
2025-01-22 14:33:04,185.127.206.212,No,0,0
2025-01-22 14:33:28,185.127.206.212,No,0,0
2025-01-22 14:33:28,185.127.206.213,No,0,0
2025-01-22 14:33:28,185.127.206.214,No,0,0
2025-01-22 14:33:57,185.127.206.212,No,0,0
2025-01-22 14:33:57,185.127.206.213,No,0,0
2025-01-22 14:33:57,185.127.206.214,No,0,0
2025-01-22 14:36:11,185.127.206.212,No,0,0
2025-01-22 14:36:11,185.127.206.213,No,0,0
2025-01-22 14:36:11,185.127.206.216,No,0,0
2025-01-22 16:30:45,185.127.206.212,No,0,0
2025-01-22 16:30:45,185.127.206.213,No,0,0
2025-01-22 16:30:45,185.127.206.216,No,0,0
2025-01-22 16:44:31,185.127.206.212,No,0,0
2025-01-22 16:44:31,185.127.206.213,No,0,0
2025-01-22 16:44:31,185.127.206.216,No,0,0
